﻿Designator,Footprint,Quantity,Value,LCSC Part #
"_3, _2, ",2588e736-943d-40cf-8edd-aa0b07ba181e,3,,
"C1, C2, C3, C4, C5, C6",0402,6,C,
"J1, J5",3.5 mm plug,2,AudioPlug3,
"J2, J3, J6, J7",Header_spacer,4,Conn_01x01_Pin,
LS1,OWR-061220LA-32,1,Speaker,
"R1, R4, R6, R7",0402,4,R,
"R10, R11, R12, R13, R14, R8, R9",0402,7,1k,
"R2, R5",0402,2,100k,
RV1,Thumb Pot,1,R_Potentiometer,
SW3,CFS-0102TA,1,SW_SPST,
U1,DSG0008A_TEX,1,MSPM0C1103SDSGR,
U2,VQFN-16-1EP_3x3mm_P0.5mm_EP1.1x1.1mm,1,MTCH1030,
